race,gender,max_glu_serum,insulin,diabetesMed,race_?,race_AfricanAmerican,race_Asian,race_Caucasian,race_Hispanic,race_Other,gender_Female,gender_Male,gender_Unknown/Invalid,max_glu_serum_>200,max_glu_serum_>300,max_glu_serum_Missing,max_glu_serum_Norm,insulin_Down,insulin_No,insulin_Steady,insulin_Up,diabetesMed_No,diabetesMed_Yes
Caucasian,Female,Missing,No,No,0.0,0.0,0.0,1.0,0.0,0.0,1.0,0.0,0.0,0.0,0.0,1.0,0.0,0.0,1.0,0.0,0.0,1.0,0.0
Caucasian,Female,Missing,Up,Yes,0.0,0.0,0.0,1.0,0.0,0.0,1.0,0.0,0.0,0.0,0.0,1.0,0.0,0.0,0.0,0.0,1.0,0.0,1.0
AfricanAmerican,Female,Missing,No,Yes,0.0,1.0,0.0,0.0,0.0,0.0,1.0,0.0,0.0,0.0,0.0,1.0,0.0,0.0,1.0,0.0,0.0,0.0,1.0
Caucasian,Male,Missing,Up,Yes,0.0,0.0,0.0,1.0,0.0,0.0,0.0,1.0,0.0,0.0,0.0,1.0,0.0,0.0,0.0,0.0,1.0,0.0,1.0
Caucasian,Male,Missing,Steady,Yes,0.0,0.0,0.0,1.0,0.0,0.0,0.0,1.0,0.0,0.0,0.0,1.0,0.0,0.0,0.0,1.0,0.0,0.0,1.0
Caucasian,Male,Missing,Steady,Yes,0.0,0.0,0.0,1.0,0.0,0.0,0.0,1.0,0.0,0.0,0.0,1.0,0.0,0.0,0.0,1.0,0.0,0.0,1.0
Caucasian,Male,Missing,Steady,Yes,0.0,0.0,0.0,1.0,0.0,0.0,0.0,1.0,0.0,0.0,0.0,1.0,0.0,0.0,0.0,1.0,0.0,0.0,1.0
Caucasian,Male,Missing,No,Yes,0.0,0.0,0.0,1.0,0.0,0.0,0.0,1.0,0.0,0.0,0.0,1.0,0.0,0.0,1.0,0.0,0.0,0.0,1.0
Caucasian,Female,Missing,Steady,Yes,0.0,0.0,0.0,1.0,0.0,0.0,1.0,0.0,0.0,0.0,0.0,1.0,0.0,0.0,0.0,1.0,0.0,0.0,1.0
Caucasian,Female,Missing,Steady,Yes,0.0,0.0,0.0,1.0,0.0,0.0,1.0,0.0,0.0,0.0,0.0,1.0,0.0,0.0,0.0,1.0,0.0,0.0,1.0
AfricanAmerican,Female,Missing,Steady,Yes,0.0,1.0,0.0,0.0,0.0,0.0,1.0,0.0,0.0,0.0,0.0,1.0,0.0,0.0,0.0,1.0,0.0,0.0,1.0
AfricanAmerican,Male,Missing,Steady,Yes,0.0,1.0,0.0,0.0,0.0,0.0,0.0,1.0,0.0,0.0,0.0,1.0,0.0,0.0,0.0,1.0,0.0,0.0,1.0
Caucasian,Female,Missing,Down,Yes,0.0,0.0,0.0,1.0,0.0,0.0,1.0,0.0,0.0,0.0,0.0,1.0,0.0,1.0,0.0,0.0,0.0,0.0,1.0
Caucasian,Male,Missing,Steady,Yes,0.0,0.0,0.0,1.0,0.0,0.0,0.0,1.0,0.0,0.0,0.0,1.0,0.0,0.0,0.0,1.0,0.0,0.0,1.0
AfricanAmerican,Female,Missing,Steady,Yes,0.0,1.0,0.0,0.0,0.0,0.0,1.0,0.0,0.0,0.0,0.0,1.0,0.0,0.0,0.0,1.0,0.0,0.0,1.0
