encounter_id,age,age_ordinal_encoded
2278392,[0-10),0
149190,[10-20),1
64410,[20-30),2
500364,[30-40),3
16680,[40-50),4
35754,[50-60),5
55842,[60-70),6
63768,[70-80),7
12522,[80-90),8
15738,[90-100),9
28236,[40-50),4
36900,[60-70),6
40926,[40-50),4
42570,[80-90),8
62256,[60-70),6
73578,[60-70),6
77076,[50-60),5
84222,[50-60),5
89682,[70-80),7
148530,[70-80),7
150006,[50-60),5
150048,[60-70),6
182796,[70-80),7
183930,[80-90),8
216156,[70-80),7
221634,[50-60),5
236316,[80-90),8
248916,[50-60),5
250872,[20-30),2
252822,[80-90),8
253380,[60-70),6
253722,[70-80),7
260166,[70-80),7
293058,[60-70),6
293118,[70-80),7
325848,[60-70),6
325866,[70-80),7
326028,[60-70),6
358776,[70-80),7
377268,[50-60),5
383430,[70-80),7
419304,[40-50),4
421194,[70-80),7
449142,[50-60),5
450210,[80-90),8
464994,[40-50),4
486156,[70-80),7
498030,[70-80),7
537834,[50-60),5
544194,[60-70),6
550098,[50-60),5
584136,[70-80),7
590346,[40-50),4
591996,[50-60),5
604188,[60-70),6
623880,[60-70),6
630342,[50-60),5
654918,[40-50),4
669954,[80-90),8
676416,[70-80),7
676422,[70-80),7
679722,[50-60),5
682494,[40-50),4
685086,[80-90),8
712350,[50-60),5
713268,[90-100),9
715086,[10-20),1
792402,[80-90),8
796152,[50-60),5
833424,[50-60),5
870294,[70-80),7
881016,[50-60),5
922080,[60-70),6
927786,[70-80),7
955884,[70-80),7
961464,[70-80),7
964548,[60-70),6
1050294,[60-70),6
1069716,[50-60),5
1070256,[50-60),5
1072554,[70-80),7
1077924,[50-60),5
1079592,[50-60),5
1110420,[60-70),6
1115640,[60-70),6
1119858,[40-50),4
1136472,[40-50),4
1139226,[60-70),6
1157454,[60-70),6
1157574,[40-50),4
1161024,[70-80),7
1185942,[70-80),7
1186980,[40-50),4
1193868,[50-60),5
1194678,[60-70),6
1195056,[70-80),7
1195548,[70-80),7
1212006,[70-80),7
1257282,[50-60),5
1260216,[30-40),3
