time_in_hospital_raw,num_lab_procedures_raw,num_procedures_raw,num_medications_raw,number_outpatient_raw,number_emergency_raw,number_inpatient_raw,number_diagnoses_raw,time_in_hospital_minmax,num_lab_procedures_minmax,num_procedures_minmax,num_medications_minmax,number_outpatient_minmax,number_emergency_minmax,number_inpatient_minmax,number_diagnoses_minmax,time_in_hospital_std,num_lab_procedures_std,num_procedures_std,num_medications_std,number_outpatient_std,number_emergency_std,number_inpatient_std,number_diagnoses_std
1,41,0,1,0,0,0,1,0.0,0.3125,0.0,0.0,0.0,0.0,0.0,0.0,-1.1520876520233183,-0.06773878832931644,-0.812729422926474,-1.7573152917423394,-0.2542187766764137,-0.19864688377760822,-0.48640753618007215,-2.9130863000405838
3,59,0,18,0,0,0,9,0.15384615384615385,0.453125,0.0,0.2125,0.0,0.0,0.0,1.0,-0.5048910293106258,0.8620862657594599,-0.812729422926474,0.3343429586080704,-0.2542187766764137,-0.19864688377760822,-0.48640753618007215,1.037624583134245
2,11,5,13,2,0,1,6,0.07692307692307693,0.078125,0.8333333333333333,0.15,0.05555555555555555,0.0,0.047619047619047616,0.625,-0.8284893406669721,-1.6174472118106105,2.1483355415379304,-0.28085064443616775,2.048487533798348,-0.19864688377760822,0.34871288168283593,-0.44389199805631585
2,44,1,16,0,0,0,7,0.07692307692307693,0.3359375,0.16666666666666666,0.1875,0.0,0.0,0.0,0.75,-0.8284893406669721,0.08723205401881294,-0.22051643003359314,0.08826551739037515,-0.2542187766764137,-0.19864688377760822,-0.48640753618007215,0.04994686234053778
1,51,0,8,0,0,0,5,0.0,0.390625,0.0,0.08750000000000001,0.0,0.0,0.0,0.5,-1.1520876520233183,0.4488306861644482,-0.812729422926474,-0.8960442474804059,-0.2542187766764137,-0.19864688377760822,-0.48640753618007215,-0.9377308584531694
3,31,6,16,0,0,0,9,0.15384615384615385,0.234375,1.0,0.1875,0.0,0.0,0.0,1.0,-0.5048910293106258,-0.5843082628230811,2.740548534430811,0.08826551739037515,-0.2542187766764137,-0.19864688377760822,-0.48640753618007215,1.037624583134245
4,70,1,21,0,0,0,7,0.23076923076923078,0.5390625,0.16666666666666666,0.25,0.0,0.0,0.0,0.75,-0.18129271795427954,1.430312687702601,-0.22051643003359314,0.7034591204346133,-0.2542187766764137,-0.19864688377760822,-0.48640753618007215,0.04994686234053778
5,73,0,12,0,0,0,8,0.3076923076923077,0.5625,0.0,0.1375,0.0,0.0,0.0,0.875,0.14230559340206675,1.5852835300507304,-0.812729422926474,-0.4038893650450154,-0.2542187766764137,-0.19864688377760822,-0.48640753618007215,0.5437857227373913
13,68,2,28,0,0,0,8,0.9230769230769231,0.5234375,0.3333333333333333,0.3375,0.0,0.0,0.0,0.875,2.731092084252837,1.326998792803848,0.37169656285928776,1.5647301646965466,-0.2542187766764137,-0.19864688377760822,-0.48640753618007215,0.5437857227373913
12,33,3,18,0,0,0,8,0.8461538461538463,0.25,0.5,0.2125,0.0,0.0,0.0,0.875,2.4074937728964905,-0.48099436792432815,0.9639095557521686,0.3343429586080704,-0.2542187766764137,-0.19864688377760822,-0.48640753618007215,0.5437857227373913
